item_name; category; tier; trait; range; damage_text; damage_type; burden; feature_text; description_text; source_url
'ARCANE GAUNTLETS' 'Primary Weapon'; 1; 'Strength'; 'Melee'; 'd10+3'; 'mag'; 'Two-Handed'; NULL; 'ARCANE GAUNTLETS Primary Weapon - Tier 1 Trait Strength Range Melee Damage d10+3 mag Burden Two-Handed'; 'https://daggerheartsrd.com/weapons/arcane-gauntlets/'
'BATTLEAXE'; 'Primary Weapon';1; 'Strength'; 'Melee'; 'd10+3'; 'phy'; 'Two-Handed'; NULL; 'BATTLEAXE Primary Weapon - Tier 1 Trait Strength Range Melee Damage d10+3 phy Burden Two-Handed'; 'https://daggerheartsrd.com/weapons/battleaxe/'
'BROADSWORD'; 'Primary Weapon';1; 'Agility'; 'Melee'; 'd8'; 'phy'; 'One-Handed Reliable: +1 to attack rolls'; 'Reliable: +1 to attack rolls'; 'BROADSWORD Primary Weapon - Tier 1 Trait Agility Range Melee Damage d8 phy Burden One-Handed Reliable: +1 to attack rolls'; 'https://daggerheartsrd.com/weapons/broadsword/'
'CROSSBOW'; 'Primary Weapon';1; 'Finesse'; 'Far'; 'd6+1'; 'phy'; 'One-Handed'; NULL; 'CROSSBOW Primary Weapon - Tier 1 Trait Finesse Range Far Damage d6+1 phy Burden One-Handed'; 'https://daggerheartsrd.com/weapons/crossbow/'
'CUTLASS'; 'Primary Weapon';1; 'Presence'; 'Melee'; 'd8+1'; 'phy'; 'One-Handed'; NULL; 'CUTLASS Primary Weapon - Tier 1 Trait Presence Range Melee Damage d8+1 phy Burden One-Handed'; 'https://daggerheartsrd.com/weapons/cutlass/'
'DAGGER'; 'Primary Weapon';1; 'Finesse'; 'Melee'; 'd8+1'; 'phy'; 'One-Handed'; NULL; 'DAGGER Primary Weapon - Tier 1 Trait Finesse Range Melee Damage d8+1 phy Burden One-Handed'; 'https://daggerheartsrd.com/weapons/dagger/'
'DUALSTAFF'; 'Primary Weapon';1; 'Instinct'; 'Far'; 'd6+3'; 'mag'; 'Two-Handed'; NULL; 'DUALSTAFF Primary Weapon - Tier 1 Trait Instinct Range Far Damage d6+3 mag Burden Two-Handed'; 'https://daggerheartsrd.com/weapons/dualstaff/'
'GLOWING RINGS'; 'Primary Weapon';1; 'Agility'; 'Very Close'; 'd10+2'; 'mag'; 'Two-Handed'; NULL; 'GLOWING RINGS Primary Weapon - Tier 1 Trait Agility Range Very Close Damage d10+2 mag Burden Two-Handed'; 'https://daggerheartsrd.com/weapons/glowing-rings/'
'GREATSTAFF'; 'Primary Weapon';1; 'Knowledge'; 'Very Far'; 'd6'; 'mag'; 'Two-Handed Powerful: On a successful attack, roll an additional damage die and discard the lowest result.'; 'Powerful: On a successful attack, roll an additional damage die and discard the lowest result.'; 'GREATSTAFF Primary Weapon - Tier 1 Trait Knowledge Range Very Far Damage d6 mag Burden Two-Handed Powerful: On a successful attack, roll an additional damage die and discard the lowest result.'; 'https://daggerheartsrd.com/weapons/greatstaff/'
'GREATSWORD'; 'Primary Weapon';1; 'Strength'; 'Melee'; 'd10+3'; 'phy'; 'Two-Handed Massive: -1 to Evasion, on a successful attack, roll an additional damage die and discard the lowest result.'; 'Massive: -1 to Evasion, on a successful attack, roll an additional damage die and discard the lowest result.'; 'GREATSWORD Primary Weapon - Tier 1 Trait Strength Range Melee Damage d10+3 phy Burden Two-Handed Massive: -1 to Evasion, on a successful attack, roll an additional damage die and discard the lowest result.'; 'https://daggerheartsrd.com/weapons/greatsword/'
'HALBERD'; 'Primary Weapon';1; 'Strength'; 'Very Close'; 'd10+2'; 'phy'; 'Two-Handed Cumbersome: -1 to Finesse'; 'Cumbersome: -1 to Finesse'; 'HALBERD Primary Weapon - Tier 1 Trait Strength Range Very Close Damage d10+2 phy Burden Two-Handed Cumbersome: -1 to Finesse'; 'https://daggerheartsrd.com/weapons/halberd/'
'HALLOWED AXE'; 'Primary Weapon';1; 'Strength'; 'Melee'; 'd8+1'; 'mag'; 'One-Handed'; NULL; 'HALLOWED AXE Primary Weapon - Tier 1 Trait Strength Range Melee Damage d8+1 mag Burden One-Handed'; 'https://daggerheartsrd.com/weapons/hallowed-axe/'
'HAND RUNES'; 'Primary Weapon';1; 'Instinct'; 'Very Close'; 'd10'; 'mag'; 'One-Handed'; NULL; 'HAND RUNES Primary Weapon - Tier 1 Trait Instinct Range Very Close Damage d10 mag Burden One-Handed'; 'https://daggerheartsrd.com/weapons/hand-runes/'
'LONGBOW'; 'Primary Weapon';1; 'Agility'; 'Very Far'; 'd8+3'; 'phy'; 'Two-Handed Cumbersome: -1 to Finesse'; 'Cumbersome: -1 to Finesse'; 'LONGBOW Primary Weapon - Tier 1 Trait Agility Range Very Far Damage d8+3 phy Burden Two-Handed Cumbersome: -1 to Finesse'; 'https://daggerheartsrd.com/weapons/longbow/'
'LONGSWORD'; 'Primary Weapon';1; 'Agility'; 'Melee'; 'd10+3'; 'phy'; 'Two-Handed'; NULL; 'LONGSWORD Primary Weapon - Tier 1 Trait Agility Range Melee Damage d10+3 phy Burden Two-Handed'; 'https://daggerheartsrd.com/weapons/longsword/'
'MACE'; 'Primary Weapon';1; 'Strength'; 'Melee'; 'd8+1'; 'phy'; 'One-Handed'; NULL; 'MACE Primary Weapon - Tier 1 Trait Strength Range Melee Damage d8+1 phy Burden One-Handed'; 'https://daggerheartsrd.com/weapons/mace/'
'QUARTERSTAFF'; 'Primary Weapon';1; 'Instinct'; 'Melee'; 'd10+3'; 'phy'; 'Two-Handed'; NULL; 'QUARTERSTAFF Primary Weapon - Tier 1 Trait Instinct Range Melee Damage d10+3 phy Burden Two-Handed'; 'https://daggerheartsrd.com/weapons/quarterstaff/'
'RAPIER'; 'Primary Weapon';1; 'Presence'; 'Melee'; 'd8'; 'phy'; 'One-Handed Quick: When you make an attack, you can mark a Stress to target another creature within range.'; 'Quick: When you make an attack, you can mark a Stress to target another creature within range.'; 'RAPIER Primary Weapon - Tier 1 Trait Presence Range Melee Damage d8 phy Burden One-Handed Quick: When you make an attack, you can mark a Stress to target another creature within range.'; 'https://daggerheartsrd.com/weapons/rapier/'
'RETURNING BLADE'; 'Primary Weapon';1; 'Finesse'; 'Close'; 'd8'; 'mag'; 'One-Handed Returning: When this weapon is thrown within its range, it appears in your hand immediately after the attack.'; 'Returning: When this weapon is thrown within its range, it appears in your hand immediately after the attack.'; 'RETURNING BLADE Primary Weapon - Tier 1 Trait Finesse Range Close Damage d8 mag Burden One-Handed Returning: When this weapon is thrown within its range, it appears in your hand immediately after the attack.'; 'https://daggerheartsrd.com/weapons/returning-blade/'
'SCEPTER'; 'Primary Weapon';1; 'Presence'; 'Far'; 'd6'; 'mag'; 'Two-Handed Versatile: This weapon can also be used with these statistics-Presence, Melee, d8.'; 'Versatile: This weapon can also be used with these statistics-Presence, Melee, d8.'; 'SCEPTER Primary Weapon - Tier 1 Trait Presence Range Far Damage d6 mag Burden Two-Handed Versatile: This weapon can also be used with these statistics-Presence, Melee, d8.'; 'https://daggerheartsrd.com/weapons/scepter/'
'SHORTBOW'; 'Primary Weapon';1; 'Agility'; 'Far'; 'd6+3'; 'phy'; 'Two-Handed'; NULL; 'SHORTBOW Primary Weapon - Tier 1 Trait Agility Range Far Damage d6+3 phy Burden Two-Handed'; 'https://daggerheartsrd.com/weapons/shortbow/'
'SHORTSTAFF'; 'Primary Weapon';1; 'Instinct'; 'Close'; 'd8+1'; 'mag'; 'One-Handed'; NULL; 'SHORTSTAFF Primary Weapon - Tier 1 Trait Instinct Range Close Damage d8+1 mag Burden One-Handed'; 'https://daggerheartsrd.com/weapons/shortstaff/'
'SPEAR'; 'Primary Weapon';1; 'Finesse'; 'Very Close'; 'd8+3'; 'phy'; 'Two-Handed'; NULL; 'SPEAR Primary Weapon - Tier 1 Trait Finesse Range Very Close Damage d8+3 phy Burden Two-Handed'; 'https://daggerheartsrd.com/weapons/spear/'
'WAND'; 'Primary Weapon';1; 'Knowledge'; 'Far'; 'd6+1'; 'mag'; 'One-Handed'; NULL; 'WAND Primary Weapon - Tier 1 Trait Knowledge Range Far Damage d6+1 mag Burden One-Handed'; 'https://daggerheartsrd.com/weapons/wand/'
'WARHAMMER'; 'Primary Weapon';1; 'Strength'; 'Melee'; 'd12+3'; 'phy'; 'Two-Handed Heavy: -1 to Evasion'; 'Heavy: -1 to Evasion'; 'WARHAMMER Primary Weapon - Tier 1 Trait Strength Range Melee Damage d12+3 phy Burden Two-Handed Heavy: -1 to Evasion'; 'https://daggerheartsrd.com/weapons/warhammer/'
'BLADED WHIP'; 'Primary Weapon';2; 'Agility'; 'Very Close'; 'd8+3'; 'phy'; 'One-Handed Quick: When you make an attack, you can mark a Stress to target another creature within range.'; 'Quick: When you make an attack, you can mark a Stress to target another creature within range.'; 'BLADED WHIP Primary Weapon - Tier 2 Trait Agility Range Very Close Damage d8+3 phy Burden One-Handed Quick: When you make an attack, you can mark a Stress to target another creature within range.'; 'https://daggerheartsrd.com/weapons/bladed-whip/'
'BLUNDERBUSS'; 'Primary Weapon';2; 'Finesse'; 'Close'; 'd8+6'; 'phy'; 'Two-Handed Reloading: After you make an attack, roll a d6. On a result of 1, you must mark a Stress to reload this weapon before you can fire it again.'; 'Reloading: After you make an attack, roll a d6. On a result of 1, you must mark a Stress to reload this weapon before you can fire it again.'; 'BLUNDERBUSS Primary Weapon - Tier 2 Trait Finesse Range Close Damage d8+6 phy Burden Two-Handed Reloading: After you make an attack, roll a d6. On a result of 1, you must mark a Stress to reload this weapon before you can fire it again.'; 'https://daggerheartsrd.com/weapons/blunderbuss/'
'CASTING SWORD'; 'Primary Weapon';2; 'Strength'; 'Melee'; 'd10+4'; 'mag'; 'Two-Handed Versatile: This weapon can also be used with these statistics-Knowledge, Far, d6+3.'; 'Versatile: This weapon can also be used with these statistics-Knowledge, Far, d6+3.'; 'CASTING SWORD Primary Weapon - Tier 2 Trait Strength Range Melee Damage d10+4 mag Burden Two-Handed Versatile: This weapon can also be used with these statistics-Knowledge, Far, d6+3.'; 'https://daggerheartsrd.com/weapons/casting-sword/'
'DEVOURING DAGGER'; 'Primary Weapon';2; 'Finesse'; 'Melee'; 'd8+4'; 'mag'; 'One-Handed Scary: On a successful attack, the target must mark a Stress.'; 'Scary: On a successful attack, the target must mark a Stress.'; 'DEVOURING DAGGER Primary Weapon - Tier 2 Trait Finesse Range Melee Damage d8+4 mag Burden One-Handed Scary: On a successful attack, the target must mark a Stress.'; 'https://daggerheartsrd.com/weapons/devouring-dagger/'
'EGO BLADE'; 'Primary Weapon';2; 'Agility'; 'Melee'; 'd12+4'; 'mag'; 'One-Handed Pompous: You must have a Presence of 0 or lower to use this weapon.'; 'Pompous: You must have a Presence of 0 or lower to use this weapon.'; 'EGO BLADE Primary Weapon - Tier 2 Trait Agility Range Melee Damage d12+4 mag Burden One-Handed Pompous: You must have a Presence of 0 or lower to use this weapon.'; 'https://daggerheartsrd.com/weapons/ego-blade/'
'ELDER BOW'; 'Primary Weapon';2; 'Instinct'; 'Far'; 'd6+4'; 'mag'; 'Two-Handed Powerful: On a successful attack, roll an additional damage die and discard the lowest result.'; 'Powerful: On a successful attack, roll an additional damage die and discard the lowest result.'; 'ELDER BOW Primary Weapon - Tier 2 Trait Instinct Range Far Damage d6+4 mag Burden Two-Handed Powerful: On a successful attack, roll an additional damage die and discard the lowest result.'; 'https://daggerheartsrd.com/weapons/elder-bow/'
'FINEHAIR BOW'; 'Primary Weapon';2; 'Agility'; 'Very Far'; 'd6+5'; 'phy'; 'Two-Handed Reliable: +1 to attack rolls'; 'Reliable: +1 to attack rolls'; 'FINEHAIR BOW Primary Weapon - Tier 2 Trait Agility Range Very Far Damage d6+5 phy Burden Two-Handed Reliable: +1 to attack rolls'; 'https://daggerheartsrd.com/weapons/finehair-bow/'
'GILDED FALCHION'; 'Primary Weapon';2; 'Strength'; 'Melee'; 'd10+4'; 'phy'; 'One-Handed Powerful: On a successful attack, roll an additional damage die and discard the lowest result.'; 'Powerful: On a successful attack, roll an additional damage die and discard the lowest result.'; 'GILDED FALCHION Primary Weapon - Tier 2 Trait Strength Range Melee Damage d10+4 phy Burden One-Handed Powerful: On a successful attack, roll an additional damage die and discard the lowest result.'; 'https://daggerheartsrd.com/weapons/gilded-falchion/'
'GREATBOW'; 'Primary Weapon';2; 'Strength'; 'Far'; 'd6+6'; 'phy'; 'Two-Handed Powerful: On a successful attack, roll an additional damage die and discard the lowest result.'; 'Powerful: On a successful attack, roll an additional damage die and discard the lowest result.'; 'GREATBOW Primary Weapon - Tier 2 Trait Strength Range Far Damage d6+6 phy Burden Two-Handed Powerful: On a successful attack, roll an additional damage die and discard the lowest result.'; 'https://daggerheartsrd.com/weapons/greatbow/'
'HAMMER OF EXOTA' 'Primary Weapon';2; 'Instinct'; 'Melee'; 'd8+6'; 'mag'; 'Two-Handed Eruptive: On a successful attack against a target within Melee range, all other adversaries within Very Close range must succeed on a reaction roll (14 or take half damage.'; NULL;'Eruptive: On a successful attack against a target within Melee range, all other adversaries within Very Close range must succeed on a reaction roll (14) or take half damage.'; 'HAMMER OF EXOTA Primary Weapon - Tier 2 Trait Instinct Range Melee Damage d8+6 mag Burden Two-Handed Eruptive: On a successful attack against a target within Melee range, all other adversaries within Very Close range must succeed on a reaction roll (14) or take half damage.'
'IMPROVED ARCANE GAUNTLETS'; 'Primary Weapon';2; 'Strength'; 'Melee'; 'd10+6'; 'mag'; 'Two-Handed'; NULL; 'IMPROVED ARCANE GAUNTLETS Primary Weapon - Tier 2 Trait Strength Range Melee Damage d10+6 mag Burden Two-Handed'; 'https://daggerheartsrd.com/weapons/improved-arcane-gauntlets/'
'IMPROVED BATTLEAXE'; 'Primary Weapon';2; 'Strength'; 'Melee'; 'd10+6'; 'phy'; 'Two-Handed'; NULL; 'IMPROVED BATTLEAXE Primary Weapon - Tier 2 Trait Strength Range Melee Damage d10+6 phy Burden Two-Handed'; 'https://daggerheartsrd.com/weapons/improved-battleaxe/'
'IMPROVED BROADSWORD'; 'Primary Weapon';2; 'Agility'; 'Melee'; 'd8+3'; 'phy'; 'One-Handed Reliable: +1 to attack rolls'; 'Reliable: +1 to attack rolls'; 'IMPROVED BROADSWORD Primary Weapon - Tier 2 Trait Agility Range Melee Damage d8+3 phy Burden One-Handed Reliable: +1 to attack rolls'; 'https://daggerheartsrd.com/weapons/improved-broadsword/'
'IMPROVED CROSSBOW'; 'Primary Weapon';2; 'Finesse'; 'Far'; 'd6+4'; 'phy'; 'One-Handed'; NULL; 'IMPROVED CROSSBOW Primary Weapon - Tier 2 Trait Finesse Range Far Damage d6+4 phy Burden One-Handed'; 'https://daggerheartsrd.com/weapons/improved-crossbow/'
'IMPROVED CUTLASS'; 'Primary Weapon';2; 'Presence'; 'Melee'; 'd8+4'; 'phy'; 'One-Handed'; NULL; 'IMPROVED CUTLASS Primary Weapon - Tier 2 Trait Presence Range Melee Damage d8+4 phy Burden One-Handed'; 'https://daggerheartsrd.com/weapons/improved-cutlass/'
'IMPROVED DAGGER'; 'Primary Weapon';2; 'Finesse'; 'Melee'; 'd8+4'; 'phy'; 'One-Handed'; NULL; 'IMPROVED DAGGER Primary Weapon - Tier 2 Trait Finesse Range Melee Damage d8+4 phy Burden One-Handed'; 'https://daggerheartsrd.com/weapons/improved-dagger/'
'IMPROVED DUALSTAFF'; 'Primary Weapon';2; 'Instinct'; 'Far'; 'd6+6'; 'mag'; 'Two-Handed'; NULL; 'IMPROVED DUALSTAFF Primary Weapon - Tier 2 Trait Instinct Range Far Damage d6+6 mag Burden Two-Handed'; 'https://daggerheartsrd.com/weapons/improved-dualstaff/'
'IMPROVED GLOWING RINGS'; 'Primary Weapon';2; 'Agility'; 'Very Close'; 'd10+5'; 'mag'; 'Two-Handed'; NULL; 'IMPROVED GLOWING RINGS Primary Weapon - Tier 2 Trait Agility Range Very Close Damage d10+5 mag Burden Two-Handed'; 'https://daggerheartsrd.com/weapons/improved-glowing-rings/'
'IMPROVED GREATSTAFF'; 'Primary Weapon';2; 'Knowledge'; 'Very Far'; 'd6+3'; 'mag'; 'Two-Handed Powerful: On a successful attack, roll an additional damage die and discard the lowest result.'; 'Powerful: On a successful attack, roll an additional damage die and discard the lowest result.'; 'IMPROVED GREATSTAFF Primary Weapon - Tier 2 Trait Knowledge Range Very Far Damage d6+3 mag Burden Two-Handed Powerful: On a successful attack, roll an additional damage die and discard the lowest result.'; 'https://daggerheartsrd.com/weapons/improved-greatstaff/'
'IMPROVED GREATSWORD'; 'Primary Weapon';2; 'Strength'; 'Melee'; 'd10+6'; 'phy'; 'Two-Handed Massive: -1 to Evasion, on a successful attack, roll an additional damage die and discard the lowest result.'; 'Massive: -1 to Evasion, on a successful attack, roll an additional damage die and discard the lowest result.'; 'IMPROVED GREATSWORD Primary Weapon - Tier 2 Trait Strength Range Melee Damage d10+6 phy Burden Two-Handed Massive: -1 to Evasion, on a successful attack, roll an additional damage die and discard the lowest result.'; 'https://daggerheartsrd.com/weapons/improved-greatsword/'
'IMPROVED HALBERD'; 'Primary Weapon';2; 'Strength'; 'Very Close'; 'd10+5'; 'phy'; 'Two-Handed Cumbersome: -1 to Finesse'; 'Cumbersome: -1 to Finesse'; 'IMPROVED HALBERD Primary Weapon - Tier 2 Trait Strength Range Very Close Damage d10+5 phy Burden Two-Handed Cumbersome: -1 to Finesse'; 'https://daggerheartsrd.com/weapons/improved-halberd/'
'IMPROVED HALLOWED AXE'; 'Primary Weapon';2; 'Strength'; 'Melee'; 'd8+4'; 'mag'; 'One-Handed'; NULL; 'IMPROVED HALLOWED AXE Primary Weapon - Tier 2 Trait Strength Range Melee Damage d8+4 mag Burden One-Handed'; 'https://daggerheartsrd.com/weapons/improved-hallowed-axe/'
'IMPROVED HAND RUNES'; 'Primary Weapon';2; 'Instinct'; 'Very Close'; 'd10+3'; 'mag'; 'One-Handed'; NULL; 'IMPROVED HAND RUNES Primary Weapon - Tier 2 Trait Instinct Range Very Close Damage d10+3 mag Burden One-Handed'; 'https://daggerheartsrd.com/weapons/improved-hand-runes/'
'IMPROVED LONGBOW'; 'Primary Weapon';2; 'Agility'; 'Very Far'; 'd8+6'; 'phy'; 'Two-Handed Cumbersome: -1 to Finesse'; 'Cumbersome: -1 to Finesse'; 'IMPROVED LONGBOW Primary Weapon - Tier 2 Trait Agility Range Very Far Damage d8+6 phy Burden Two-Handed Cumbersome: -1 to Finesse'; 'https://daggerheartsrd.com/weapons/improved-longbow/'
'IMPROVED LONGSWORD'; 'Primary Weapon';2; 'Agility'; 'Melee'; 'd10+6'; 'phy'; 'Two-Handed'; NULL; 'IMPROVED LONGSWORD Primary Weapon - Tier 2 Trait Agility Range Melee Damage d10+6 phy Burden Two-Handed'; 'https://daggerheartsrd.com/weapons/improved-longsword/'
'IMPROVED MACE'; 'Primary Weapon';2; 'Strength'; 'Melee'; 'd8+4'; 'phy'; 'One-Handed'; NULL; 'IMPROVED MACE Primary Weapon - Tier 2 Trait Strength Range Melee Damage d8+4 phy Burden One-Handed'; 'https://daggerheartsrd.com/weapons/improved-mace/'
'IMPROVED QUARTERSTAFF'; 'Primary Weapon';2; 'Instinct'; 'Melee'; 'd10+6'; 'phy'; 'Two-Handed'; NULL; 'IMPROVED QUARTERSTAFF Primary Weapon - Tier 2 Trait Instinct Range Melee Damage d10+6 phy Burden Two-Handed'; 'https://daggerheartsrd.com/weapons/improved-quarterstaff/'
'IMPROVED RAPIER'; 'Primary Weapon';2; 'Presence'; 'Melee'; 'd8+3'; 'phy'; 'One-Handed Quick: When you make an attack, you can mark a Stress to target another creature within range.'; 'Quick: When you make an attack, you can mark a Stress to target another creature within range.'; 'IMPROVED RAPIER Primary Weapon - Tier 2 Trait Presence Range Melee Damage d8+3 phy Burden One-Handed Quick: When you make an attack, you can mark a Stress to target another creature within range.'; 'https://daggerheartsrd.com/weapons/improved-rapier/'
'IMPROVED RETURNING BLADE'; 'Primary Weapon';2; 'Finesse'; 'Close'; 'd8+3'; 'mag'; 'One-Handed Returning: When this weapon is thrown within its range, it appears in your hand immediately after the attack.'; 'Returning: When this weapon is thrown within its range, it appears in your hand immediately after the attack.'; 'IMPROVED RETURNING BLADE Primary Weapon - Tier 2 Trait Finesse Range Close Damage d8+3 mag Burden One-Handed Returning: When this weapon is thrown within its range, it appears in your hand immediately after the attack.'; 'https://daggerheartsrd.com/weapons/improved-returning-blade/'
'IMPROVED SCEPTER'; 'Primary Weapon';2; 'Presence'; 'Far'; 'd6+3'; 'mag'; 'Two-Handed Versatile: This weapon can also be used with these statistics-Presence, Melee, d8+3.'; 'Versatile: This weapon can also be used with these statistics-Presence, Melee, d8+3.'; 'IMPROVED SCEPTER Primary Weapon - Tier 2 Trait Presence Range Far Damage d6+3 mag Burden Two-Handed Versatile: This weapon can also be used with these statistics-Presence, Melee, d8+3.'; 'https://daggerheartsrd.com/weapons/improved-scepter/'
'IMPROVED SHORTBOW'; 'Primary Weapon';2; 'Agility'; 'Far'; 'd6+6'; 'phy'; 'Two-Handed'; NULL; 'IMPROVED SHORTBOW Primary Weapon - Tier 2 Trait Agility Range Far Damage d6+6 phy Burden Two-Handed'; 'https://daggerheartsrd.com/weapons/improved-shortbow/'
'IMPROVED SHORTSTAFF'; 'Primary Weapon';2; 'Instinct'; 'Close'; 'd8+4'; 'mag'; 'One-Handed'; NULL; 'IMPROVED SHORTSTAFF Primary Weapon - Tier 2 Trait Instinct Range Close Damage d8+4 mag Burden One-Handed'; 'https://daggerheartsrd.com/weapons/improved-shortstaff/'
'IMPROVED SPEAR'; 'Primary Weapon';2; 'Finesse'; 'Very Close'; 'd8+6'; 'phy'; 'Two-Handed'; NULL; 'IMPROVED SPEAR Primary Weapon - Tier 2 Trait Finesse Range Very Close Damage d8+6 phy Burden Two-Handed'; 'https://daggerheartsrd.com/weapons/improved-spear/'
'IMPROVED WAND'; 'Primary Weapon';2; 'Knowledge'; 'Far'; 'd6+4'; 'mag'; 'One-Handed'; NULL; 'IMPROVED WAND Primary Weapon - Tier 2 Trait Knowledge Range Far Damage d6+4 mag Burden One-Handed'; 'https://daggerheartsrd.com/weapons/improved-wand/'
'IMPROVED WARHAMMER'; 'Primary Weapon';2; 'Strength'; 'Melee'; 'd12+6'; 'phy'; 'Two-Handed Heavy: -1 to Evasion'; 'Heavy: -1 to Evasion'; 'IMPROVED WARHAMMER Primary Weapon - Tier 2 Trait Strength Range Melee Damage d12+6 phy Burden Two-Handed Heavy: -1 to Evasion'; 'https://daggerheartsrd.com/weapons/improved-warhammer/'
'KEEPER''S STAFF'; 'Primary Weapon';2; 'Knowledge'; 'Far'; 'd6+4'; 'mag'; 'Two-Handed Reliable: +1 to attack rolls'; 'Reliable: +1 to attack rolls'; 'KEEPER''S STAFF Primary Weapon - Tier 2 Trait Knowledge Range Far Damage d6+4 mag Burden Two-Handed Reliable: +1 to attack rolls'; 'https://daggerheartsrd.com/weapons/keepers-staff/'
'KNUCKLE BLADES'; 'Primary Weapon';2; 'Strength'; 'Melee'; 'd10+6'; 'phy'; 'Two-Handed Brutal: When you roll the maximum value on a damage die, roll an additional damage die.'; 'Brutal: When you roll the maximum value on a damage die, roll an additional damage die.'; 'KNUCKLE BLADES Primary Weapon - Tier 2 Trait Strength Range Melee Damage d10+6 phy Burden Two-Handed Brutal: When you roll the maximum value on a damage die, roll an additional damage die.'; 'https://daggerheartsrd.com/weapons/knuckle-blades/'
'SCEPTER OF ELIAS'; 'Primary Weapon';2; 'Presence'; 'Far'; 'd6+3'; 'mag'; 'One-Handed Invigorating: On a successful attack, roll a d4. On a result of 4, clear a Stress.'; 'Invigorating: On a successful attack, roll a d4. On a result of 4, clear a Stress.'; 'SCEPTER OF ELIAS Primary Weapon - Tier 2 Trait Presence Range Far Damage d6+3 mag Burden One-Handed Invigorating: On a successful attack, roll a d4. On a result of 4, clear a Stress.'; 'https://daggerheartsrd.com/weapons/scepter-of-elias/'
'STEELFORGED HALBERD'; 'Primary Weapon';2; 'Strength'; 'Very Close'; 'd8+4'; 'phy'; 'Two-Handed Scary: On a successful attack, the target must mark a Stress.'; 'Scary: On a successful attack, the target must mark a Stress.'; 'STEELFORGED HALBERD Primary Weapon - Tier 2 Trait Strength Range Very Close Damage d8+4 phy Burden Two-Handed Scary: On a successful attack, the target must mark a Stress.'; 'https://daggerheartsrd.com/weapons/steelforged-halberd/'
'UROK BROADSWORD'; 'Primary Weapon';2; 'Finesse'; 'Melee'; 'd8+3'; 'phy'; 'One-Handed Deadly: When you deal Severe damage, the target must mark an additional HP.'; 'Deadly: When you deal Severe damage, the target must mark an additional HP.'; 'UROK BROADSWORD Primary Weapon - Tier 2 Trait Finesse Range Melee Damage d8+3 phy Burden One-Handed Deadly: When you deal Severe damage, the target must mark an additional HP.'; 'https://daggerheartsrd.com/weapons/urok-broadsword/'
'WAND OF ENTHRALLMENT'; 'Primary Weapon';2; 'Presence'; 'Far'; 'd6+4'; 'mag'; 'One-Handed Persuasive: Before you make a Presence Roll, you can mark a Stress to gain a +2 bonus to the result.'; 'Persuasive: Before you make a Presence Roll, you can mark a Stress to gain a +2 bonus to the result.'; 'WAND OF ENTHRALLMENT Primary Weapon - Tier 2 Trait Presence Range Far Damage d6+4 mag Burden One-Handed Persuasive: Before you make a Presence Roll, you can mark a Stress to gain a +2 bonus to the result.'; 'https://daggerheartsrd.com/weapons/wand-of-enthrallment/'
'WAR SCYTHE'; 'Primary Weapon';2; 'Finesse'; 'Very Close'; 'd8+5'; 'phy'; 'Two-Handed Reliable: +1 to attack rolls'; 'Reliable: +1 to attack rolls'; 'WAR SCYTHE Primary Weapon - Tier 2 Trait Finesse Range Very Close Damage d8+5 phy Burden Two-Handed Reliable: +1 to attack rolls'; 'https://daggerheartsrd.com/weapons/war-scythe/'
'YUTARI BLOODBOW'; 'Primary Weapon';2; 'Finesse'; 'Far'; 'd6+4'; 'mag'; 'Two-Handed Brutal: When you roll the maximum value on a damage die, roll an additional damage die.'; 'Brutal: When you roll the maximum value on a damage die, roll an additional damage die.'; 'YUTARI BLOODBOW Primary Weapon - Tier 2 Trait Finesse Range Far Damage d6+4 mag Burden Two-Handed Brutal: When you roll the maximum value on a damage die, roll an additional damage die.'; 'https://daggerheartsrd.com/weapons/yutari-bloodbow/'
'ADVANCED ARCANE GAUNTLETS'; 'Primary Weapon';3; 'Strength'; 'Melee'; 'd10+9'; 'mag'; 'Two-Handed'; NULL; 'ADVANCED ARCANE GAUNTLETS Primary Weapon - Tier 3 Trait Strength Range Melee Damage d10+9 mag Burden Two-Handed'; 'https://daggerheartsrd.com/weapons/advanced-arcane-gauntlets/'
'ADVANCED BATTLEAXE'; 'Primary Weapon';3; 'Strength'; 'Melee'; 'd10+9'; 'phy'; 'Two-Handed'; NULL; 'ADVANCED BATTLEAXE Primary Weapon - Tier 3 Trait Strength Range Melee Damage d10+9 phy Burden Two-Handed'; 'https://daggerheartsrd.com/weapons/advanced-battleaxe/'
'ADVANCED BROADSWORD'; 'Primary Weapon';3; 'Agility'; 'Melee'; 'd8+6'; 'phy'; 'One-Handed Reliable: +1 to attack rolls'; 'Reliable: +1 to attack rolls'; 'ADVANCED BROADSWORD Primary Weapon - Tier 3 Trait Agility Range Melee Damage d8+6 phy Burden One-Handed Reliable: +1 to attack rolls'; 'https://daggerheartsrd.com/weapons/advanced-broadsword/'
'ADVANCED CROSSBOW'; 'Primary Weapon';3; 'Finesse'; 'Far'; 'd6+7'; 'phy'; 'One-Handed'; NULL; 'ADVANCED CROSSBOW Primary Weapon - Tier 3 Trait Finesse Range Far Damage d6+7 phy Burden One-Handed'; 'https://daggerheartsrd.com/weapons/advanced-crossbow/'
'ADVANCED CUTLASS'; 'Primary Weapon';3; 'Presence'; 'Melee'; 'd8+7'; 'phy'; 'One-Handed'; NULL; 'ADVANCED CUTLASS Primary Weapon - Tier 3 Trait Presence Range Melee Damage d8+7 phy Burden One-Handed'; 'https://daggerheartsrd.com/weapons/advanced-cutlass/'
'ADVANCED DAGGER'; 'Primary Weapon';3; 'Finesse'; 'Melee'; 'd8+7'; 'phy'; 'One-Handed'; NULL; 'ADVANCED DAGGER Primary Weapon - Tier 3 Trait Finesse Range Melee Damage d8+7 phy Burden One-Handed'; 'https://daggerheartsrd.com/weapons/advanced-dagger/'
'ADVANCED DUALSTAFF'; 'Primary Weapon';3; 'Instinct'; 'Far'; 'd6+9'; 'mag'; 'Two-Handed'; NULL; 'ADVANCED DUALSTAFF Primary Weapon - Tier 3 Trait Instinct Range Far Damage d6+9 mag Burden Two-Handed'; 'https://daggerheartsrd.com/weapons/advanced-dualstaff/'
'ADVANCED GLOWING RINGS'; 'Primary Weapon';3; 'Agility'; 'Very Close'; 'd10+8'; 'mag'; 'Two-Handed'; NULL; 'ADVANCED GLOWING RINGS Primary Weapon - Tier 3 Trait Agility Range Very Close Damage d10+8 mag Burden Two-Handed'; 'https://daggerheartsrd.com/weapons/advanced-glowing-rings/'
'ADVANCED GREATSTAFF'; 'Primary Weapon';3; 'Knowledge'; 'Very Far'; 'd6+6'; 'mag'; 'Two-Handed Powerful: On a successful attack, roll an additional damage die and discard the lowest result.'; 'Powerful: On a successful attack, roll an additional damage die and discard the lowest result.'; 'ADVANCED GREATSTAFF Primary Weapon - Tier 3 Trait Knowledge Range Very Far Damage d6+6 mag Burden Two-Handed Powerful: On a successful attack, roll an additional damage die and discard the lowest result.'; 'https://daggerheartsrd.com/weapons/advanced-greatstaff/'
'ADVANCED GREATSWORD'; 'Primary Weapon';3; 'Strength'; 'Melee'; 'd10+9'; 'phy'; 'Two-Handed Massive: -1 to Evasion, on a successful attack, roll an additional damage die and discard the lowest result.'; 'Massive: -1 to Evasion, on a successful attack, roll an additional damage die and discard the lowest result.'; 'ADVANCED GREATSWORD Primary Weapon - Tier 3 Trait Strength Range Melee Damage d10+9 phy Burden Two-Handed Massive: -1 to Evasion, on a successful attack, roll an additional damage die and discard the lowest result.'; 'https://daggerheartsrd.com/weapons/advanced-greatsword/'
'ADVANCED HALBERD'; 'Primary Weapon';3; 'Strength'; 'Very Close'; 'd10+8'; 'phy'; 'Two-Handed Cumbersome: -1 to Finesse'; 'Cumbersome: -1 to Finesse'; 'ADVANCED HALBERD Primary Weapon - Tier 3 Trait Strength Range Very Close Damage d10+8 phy Burden Two-Handed Cumbersome: -1 to Finesse'; 'https://daggerheartsrd.com/weapons/advanced-halberd/'
'ADVANCED HALLOWED AXE'; 'Primary Weapon';3; 'Strength'; 'Melee'; 'd8+7'; 'mag'; 'One-Handed'; NULL; 'ADVANCED HALLOWED AXE Primary Weapon - Tier 3 Trait Strength Range Melee Damage d8+7 mag Burden One-Handed'; 'https://daggerheartsrd.com/weapons/advanced-hallowed-axe/'
'ADVANCED HAND RUNES'; 'Primary Weapon';3; 'Instinct'; 'Very Close'; 'd10+6'; 'mag'; 'One-Handed'; NULL; 'ADVANCED HAND RUNES Primary Weapon - Tier 3 Trait Instinct Range Very Close Damage d10+6 mag Burden One-Handed'; 'https://daggerheartsrd.com/weapons/advanced-hand-runes/'
'ADVANCED LONGBOW'; 'Primary Weapon';3; 'Agility'; 'Very Far'; 'd8+9'; 'phy'; 'Two-Handed Cumbersome: -1 to Finesse'; 'Cumbersome: -1 to Finesse'; 'ADVANCED LONGBOW Primary Weapon - Tier 3 Trait Agility Range Very Far Damage d8+9 phy Burden Two-Handed Cumbersome: -1 to Finesse'; 'https://daggerheartsrd.com/weapons/advanced-longbow/'
'ADVANCED LONGSWORD'; 'Primary Weapon';3; 'Agility'; 'Melee'; 'd10+9'; 'phy'; 'Two-Handed'; NULL; 'ADVANCED LONGSWORD Primary Weapon - Tier 3 Trait Agility Range Melee Damage d10+9 phy Burden Two-Handed'; 'https://daggerheartsrd.com/weapons/advanced-longsword/'
'ADVANCED MACE'; 'Primary Weapon';3; 'Strength'; 'Melee'; 'd8+7'; 'phy'; 'One-Handed'; NULL; 'ADVANCED MACE Primary Weapon - Tier 3 Trait Strength Range Melee Damage d8+7 phy Burden One-Handed'; 'https://daggerheartsrd.com/weapons/advanced-mace/'
'ADVANCED QUARTERSTAFF'; 'Primary Weapon';3; 'Instinct'; 'Melee'; 'd10+9'; 'phy'; 'Two-Handed'; NULL; 'ADVANCED QUARTERSTAFF Primary Weapon - Tier 3 Trait Instinct Range Melee Damage d10+9 phy Burden Two-Handed'; 'https://daggerheartsrd.com/weapons/advanced-quarterstaff/'
'ADVANCED RAPIER'; 'Primary Weapon';3; 'Presence'; 'Melee'; 'd8+6'; 'phy'; 'One-Handed Quick: When you make an attack, you can mark a Stress to target another creature within range.'; 'Quick: When you make an attack, you can mark a Stress to target another creature within range.'; 'ADVANCED RAPIER Primary Weapon - Tier 3 Trait Presence Range Melee Damage d8+6 phy Burden One-Handed Quick: When you make an attack, you can mark a Stress to target another creature within range.'; 'https://daggerheartsrd.com/weapons/advanced-rapier/'
'ADVANCED RETURNING BLADE'; 'Primary Weapon';3; 'Finesse'; 'Close'; 'd8+6'; 'mag'; 'One-Handed Returning: When this weapon is thrown within its range, it appears in your hand immediately after the attack.'; 'Returning: When this weapon is thrown within its range, it appears in your hand immediately after the attack.'; 'ADVANCED RETURNING BLADE Primary Weapon - Tier 3 Trait Finesse Range Close Damage d8+6 mag Burden One-Handed Returning: When this weapon is thrown within its range, it appears in your hand immediately after the attack.'; 'https://daggerheartsrd.com/weapons/advanced-returning-blade/'
'ADVANCED SCEPTER'; 'Primary Weapon';3; 'Presence'; 'Far'; 'd6+6'; 'mag'; 'Two-Handed Versatile: This weapon can also be used with these statistics-Presence, Melee, d8+4.'; 'Versatile: This weapon can also be used with these statistics-Presence, Melee, d8+4.'; 'ADVANCED SCEPTER Primary Weapon - Tier 3 Trait Presence Range Far Damage d6+6 mag Burden Two-Handed Versatile: This weapon can also be used with these statistics-Presence, Melee, d8+4.'; 'https://daggerheartsrd.com/weapons/advanced-scepter/'
'ADVANCED SHORTBOW'; 'Primary Weapon';3; 'Agility'; 'Far'; 'd6+9'; 'phy'; 'Two-Handed'; NULL; 'ADVANCED SHORTBOW Primary Weapon - Tier 3 Trait Agility Range Far Damage d6+9 phy Burden Two-Handed'; 'https://daggerheartsrd.com/weapons/advanced-shortbow/'
'ADVANCED SHORTSTAFF'; 'Primary Weapon';3; 'Instinct'; 'Close'; 'd8+7'; 'mag'; 'One-Handed'; NULL; 'ADVANCED SHORTSTAFF Primary Weapon - Tier 3 Trait Instinct Range Close Damage d8+7 mag Burden One-Handed'; 'https://daggerheartsrd.com/weapons/advanced-shortstaff/'
'ADVANCED SPEAR'; 'Primary Weapon';3; 'Finesse'; 'Very Close'; 'd8+9'; 'phy'; 'Two-Handed'; NULL; 'ADVANCED SPEAR Primary Weapon - Tier 3 Trait Finesse Range Very Close Damage d8+9 phy Burden Two-Handed'; 'https://daggerheartsrd.com/weapons/advanced-spear/'
'ADVANCED WAND'; 'Primary Weapon';3; 'Knowledge'; 'Far'; 'd6+7'; 'mag'; 'One-Handed'; NULL; 'ADVANCED WAND Primary Weapon - Tier 3 Trait Knowledge Range Far Damage d6+7 mag Burden One-Handed'; 'https://daggerheartsrd.com/weapons/advanced-wand/'
'ADVANCED WARHAMMER'; 'Primary Weapon';3; 'Strength'; 'Melee'; 'd12+9'; 'phy'; 'Two-Handed Heavy: -1 to Evasion'; 'Heavy: -1 to Evasion'; 'ADVANCED WARHAMMER Primary Weapon - Tier 3 Trait Strength Range Melee Damage d12+9 phy Burden Two-Handed Heavy: -1 to Evasion'; 'https://daggerheartsrd.com/weapons/advanced-warhammer/'
'AXE OF FORTUNIS'; 'Primary Weapon';3; 'Strength'; 'Melee'; 'd10+8'; 'mag'; 'Two-Handed Lucky: On a failed attack, you can mark a Stress to reroll your attack.'; 'Lucky: On a failed attack, you can mark a Stress to reroll your attack.'; 'AXE OF FORTUNIS Primary Weapon - Tier 3 Trait Strength Range Melee Damage d10+8 mag Burden Two-Handed Lucky: On a failed attack, you can mark a Stress to reroll your attack.'; 'https://daggerheartsrd.com/weapons/axe-of-fortunis/'
'BLACK POWDER REVOLVER'; 'Primary Weapon';3; 'Finesse'; 'Far'; 'd6+8'; 'phy'; 'One-Handed Reloading: After you make an attack, roll a d6. On a result of 1, you must mark a Stress to reload this weapon before you can fire it again.'; 'Reloading: After you make an attack, roll a d6. On a result of 1, you must mark a Stress to reload this weapon before you can fire it again.'; 'BLACK POWDER REVOLVER Primary Weapon - Tier 3 Trait Finesse Range Far Damage d6+8 phy Burden One-Handed Reloading: After you make an attack, roll a d6. On a result of 1, you must mark a Stress to reload this weapon before you can fire it again.'; 'https://daggerheartsrd.com/weapons/black-powder-revolver/'
'BLESSED ANLACE'; 'Primary Weapon';3; 'Instinct'; 'Melee'; 'd10+6'; 'mag'; 'One-Handed Healing: During downtime, automatically clear a Hit Point.'; 'Healing: During downtime, automatically clear a Hit Point.'; 'BLESSED ANLACE Primary Weapon - Tier 3 Trait Instinct Range Melee Damage d10+6 mag Burden One-Handed Healing: During downtime, automatically clear a Hit Point.'; 'https://daggerheartsrd.com/weapons/blessed-anlace/'
#'BRAVESWORD'; 'Primary Weapon';3; 'Strength'; 'Melee'; 'd12+7'; 'phy'; 'Two-Handed Brave: -1 to Evasion, +3 to Severe damage threshold'; 'Brave: -1 to Evasion, +3 to Severe damage threshold'; 'BRAVESWORD Primary Weapon - Tier 3 Trait Strength Range Melee Damage d12+7 phy Burden Two-Handed Brave: -1 to Evasion, +3 to Severe damage threshold'; 'https://daggerheartsrd.com/weapons/bravesword/'
'DOUBLE FLAIL'; 'Primary Weapon';3; 'Agility'; 'Very Close'; 'd10+8'; 'phy'; 'Two-Handed Powerful: On a successful attack, roll an additional damage die and discard the lowest result.'; 'Powerful: On a successful attack, roll an additional damage die and discard the lowest result.'; 'DOUBLE FLAIL Primary Weapon - Tier 3 Trait Agility Range Very Close Damage d10+8 phy Burden Two-Handed Powerful: On a successful attack, roll an additional damage die and discard the lowest result.'; 'https://daggerheartsrd.com/weapons/double-flail/'
'FIRESTAFF'; 'Primary Weapon';3; 'Instinct'; 'Far'; 'd6+7'; 'mag'; 'Two-Handed Burning: When you roll a 6 on a damage die, the target must mark a Stress.'; 'Burning: When you roll a 6 on a damage die, the target must mark a Stress.'; 'FIRESTAFF Primary Weapon - Tier 3 Trait Instinct Range Far Damage d6+7 mag Burden Two-Handed Burning: When you roll a 6 on a damage die, the target must mark a Stress.'; 'https://daggerheartsrd.com/weapons/firestaff/'
'FLICKERFLY BLADE'; 'Primary Weapon';3; 'Agility'; 'Melee'; 'd8+5'; 'phy'; 'One-Handed Sharpwing: Gain a bonus to your damage rolls equal to your Agility.'; 'Sharpwing: Gain a bonus to your damage rolls equal to your Agility.'; 'FLICKERFLY BLADE Primary Weapon - Tier 3 Trait Agility Range Melee Damage d8+5 phy Burden One-Handed Sharpwing: Gain a bonus to your damage rolls equal to your Agility.'; 'https://daggerheartsrd.com/weapons/flickerfly-blade/'
'GHOSTBLADE'; 'Primary Weapon';3; 'Presence'; 'Melee'; 'd10+7 phy or'; 'mag'; 'One-Handed Otherworldly: On a successful attack, you can deal physical or magic damage.'; 'Otherworldly: On a successful attack, you can deal physical or magic damage.'; 'GHOSTBLADE Primary Weapon - Tier 3 Trait Presence Range Melee Damage d10+7 phy or mag Burden One-Handed Otherworldly: On a successful attack, you can deal physical or magic damage.'; 'https://daggerheartsrd.com/weapons/ghostblade/'
'GILDED BOW'; 'Primary Weapon';3; 'Finesse'; 'Far'; 'd6+7'; 'mag'; 'Two-Handed Self-Correcting: When you roll a 1 on a damage die, it deals 6 damage instead.'; 'Self-Correcting: When you roll a 1 on a damage die, it deals 6 damage instead.'; 'GILDED BOW Primary Weapon - Tier 3 Trait Finesse Range Far Damage d6+7 mag Burden Two-Handed Self-Correcting: When you roll a 1 on a damage die, it deals 6 damage instead.'; 'https://daggerheartsrd.com/weapons/gilded-bow/'
'HAMMER OF WRATH'; 'Primary Weapon';3; 'Strength'; 'Melee'; 'd10+7'; 'phy'; 'Two-Handed Devastating: Before you make an attack roll, you can mark a Stress to use a d20 as your damage die.'; 'Devastating: Before you make an attack roll, you can mark a Stress to use a d20 as your damage die.'; 'HAMMER OF WRATH Primary Weapon - Tier 3 Trait Strength Range Melee Damage d10+7 phy Burden Two-Handed Devastating: Before you make an attack roll, you can mark a Stress to use a d20 as your damage die.'; 'https://daggerheartsrd.com/weapons/hammer-of-wrath/'
'ILMARI''S RIFLE'; 'Primary Weapon';3; 'Finesse'; 'Very Far'; 'd6+6'; 'mag'; 'One-Handed Reloading: After you make an attack, roll a d6. On a result of 1, you must mark a Stress to reload this weapon before you can fire it again.'; 'Reloading: After you make an attack, roll a d6. On a result of 1, you must mark a Stress to reload this weapon before you can fire it again.'; 'ILMARI''S RIFLE Primary Weapon - Tier 3 Trait Finesse Range Very Far Damage d6+6 mag Burden One-Handed Reloading: After you make an attack, roll a d6. On a result of 1, you must mark a Stress to reload this weapon before you can fire it again.'; 'https://daggerheartsrd.com/weapons/ilmaris-rifle/'
'LABRYS AXE'; 'Primary Weapon';3; 'Strength'; 'Melee'; 'd10+7'; 'phy'; 'Two-Handed Protective: +1 to Armor Score'; 'Protective: +1 to Armor Score'; 'LABRYS AXE Primary Weapon - Tier 3 Trait Strength Range Melee Damage d10+7 phy Burden Two-Handed Protective: +1 to Armor Score'; 'https://daggerheartsrd.com/weapons/labrys-axe/'
'MAGE ORB'; 'Primary Weapon';3; 'Knowledge'; 'Far'; 'd6+7'; 'mag'; 'One-Handed Powerful: On a successful attack, roll an additional damage die and discard the lowest result.'; 'Powerful: On a successful attack, roll an additional damage die and discard the lowest result.'; 'MAGE ORB Primary Weapon - Tier 3 Trait Knowledge Range Far Damage d6+7 mag Burden One-Handed Powerful: On a successful attack, roll an additional damage die and discard the lowest result.'; 'https://daggerheartsrd.com/weapons/mage-orb/'
'MERIDIAN CUTLASS'; 'Primary Weapon';3; 'Presence'; 'Melee'; 'd10+5'; 'phy'; 'One-Handed Dueling: When there are no other creatures within Close range of the target, gain advantage on your attack roll against them.'; 'Dueling: When there are no other creatures within Close range of the target, gain advantage on your attack roll against them.'; 'MERIDIAN CUTLASS Primary Weapon - Tier 3 Trait Presence Range Melee Damage d10+5 phy Burden One-Handed Dueling: When there are no other creatures within Close range of the target, gain advantage on your attack roll against them.'; 'https://daggerheartsrd.com/weapons/meridian-cutlass/'
'RETRACTABLE SABER'; 'Primary Weapon';3; 'Presence'; 'Melee'; 'd10+7'; 'phy'; 'One-Handed Retractable: The blade can be hidden in the hilt to avoid detection.'; 'Retractable: The blade can be hidden in the hilt to avoid detection.'; 'RETRACTABLE SABER Primary Weapon - Tier 3 Trait Presence Range Melee Damage d10+7 phy Burden One-Handed Retractable: The blade can be hidden in the hilt to avoid detection.'; 'https://daggerheartsrd.com/weapons/retractable-saber/'
'RUNES OF RUINATION'; 'Primary Weapon';3; 'Knowledge'; 'Very Close'; 'd20+4'; 'mag'; 'One-Handed Painful: Each time you make a successful attack, you must mark a Stress.'; 'Painful: Each time you make a successful attack, you must mark a Stress.'; 'RUNES OF RUINATION Primary Weapon - Tier 3 Trait Knowledge Range Very Close Damage d20+4 mag Burden One-Handed Painful: Each time you make a successful attack, you must mark a Stress.'; 'https://daggerheartsrd.com/weapons/runes-of-ruination/'
'SPIKED BOW'; 'Primary Weapon';3; 'Agility'; 'Very Far'; 'd6+7'; 'phy'; 'Two-Handed Versatile: This weapon can also be used with these statistics-Agility, Melee, d10+5.'; 'Versatile: This weapon can also be used with these statistics-Agility, Melee, d10+5.'; 'SPIKED BOW Primary Weapon - Tier 3 Trait Agility Range Very Far Damage d6+7 phy Burden Two-Handed Versatile: This weapon can also be used with these statistics-Agility, Melee, d10+5.'; 'https://daggerheartsrd.com/weapons/spiked-bow/'
'TALON BLADES'; 'Primary Weapon';3; 'Finesse'; 'Close'; 'd10+7'; 'phy'; 'Two-Handed Brutal: When you roll the maximum value on a damage die, roll an additional damage die.'; 'Brutal: When you roll the maximum value on a damage die, roll an additional damage die.'; 'TALON BLADES Primary Weapon - Tier 3 Trait Finesse Range Close Damage d10+7 phy Burden Two-Handed Brutal: When you roll the maximum value on a damage die, roll an additional damage die.'; 'https://daggerheartsrd.com/weapons/talon-blades/'
'WIDOGAST PENDANT'; 'Primary Weapon';3; 'Knowledge'; 'Close'; 'd10+5'; 'mag'; 'One-Handed Timebending: You choose the target of your attack after making your attack roll.'; 'Timebending: You choose the target of your attack after making your attack roll.'; 'WIDOGAST PENDANT Primary Weapon - Tier 3 Trait Knowledge Range Close Damage d10+5 mag Burden One-Handed Timebending: You choose the target of your attack after making your attack roll.'; 'https://daggerheartsrd.com/weapons/widogast-pendant/'
'AANTARI BOW'; 'Primary Weapon';4; 'Finesse'; 'Far'; 'd6+11'; 'phy'; 'Two-Handed Reliable: +1 to attack rolls'; 'Reliable: +1 to attack rolls'; 'AANTARI BOW Primary Weapon - Tier 4 Trait Finesse Range Far Damage d6+11 phy Burden Two-Handed Reliable: +1 to attack rolls'; 'https://daggerheartsrd.com/weapons/aantari-bow/'
'BLOODSTAFF'; 'Primary Weapon';4; 'Instinct'; 'Far'; 'd20+7'; 'mag'; 'Two-Handed Painful: Each time you make a successful attack, you must mark a Stress.'; 'Painful: Each time you make a successful attack, you must mark a Stress.'; 'BLOODSTAFF Primary Weapon - Tier 4 Trait Instinct Range Far Damage d20+7 mag Burden Two-Handed Painful: Each time you make a successful attack, you must mark a Stress.'; 'https://daggerheartsrd.com/weapons/bloodstaff/'
'CURVED DAGGER'; 'Primary Weapon';4; 'Finesse'; 'Melee'; 'd8+9'; 'phy'; 'One-Handed Serrated: When you roll a 1 on a damage die, it deals 8 damage instead.'; 'Serrated: When you roll a 1 on a damage die, it deals 8 damage instead.'; 'CURVED DAGGER Primary Weapon - Tier 4 Trait Finesse Range Melee Damage d8+9 phy Burden One-Handed Serrated: When you roll a 1 on a damage die, it deals 8 damage instead.'; 'https://daggerheartsrd.com/weapons/curved-dagger/'
'DUAL-ENDED SWORD'; 'Primary Weapon';4; 'Agility'; 'Melee'; 'd10+9'; 'phy'; 'Two-Handed Quick: When you make an attack, you can mark a Stress to target another creature within range.'; 'Quick: When you make an attack, you can mark a Stress to target another creature within range.'; 'DUAL-ENDED SWORD Primary Weapon - Tier 4 Trait Agility Range Melee Damage d10+9 phy Burden Two-Handed Quick: When you make an attack, you can mark a Stress to target another creature within range.'; 'https://daggerheartsrd.com/weapons/dual-ended-sword/'
'EXTENDED POLEARM'; 'Primary Weapon';4; 'Finesse'; 'Very Close'; 'd8+10'; 'phy'; 'Two-Handed Long: This weapon''s attack targets all adversaries in a line within range.'; 'Long: This weapon''s attack targets all adversaries in a line within range.'; 'EXTENDED POLEARM Primary Weapon - Tier 4 Trait Finesse Range Very Close Damage d8+10 phy Burden Two-Handed Long: This weapon''s attack targets all adversaries in a line within range.'; 'https://daggerheartsrd.com/weapons/extended-polearm/'
'FLOATING BLADESHARDS'; 'Primary Weapon';4; 'Instinct'; 'Close'; 'd8+9'; 'mag'; 'One-Handed Powerful: On a successful attack, roll an additional damage die and discard the lowest result.'; 'Powerful: On a successful attack, roll an additional damage die and discard the lowest result.'; 'FLOATING BLADESHARDS Primary Weapon - Tier 4 Trait Instinct Range Close Damage d8+9 mag Burden One-Handed Powerful: On a successful attack, roll an additional damage die and discard the lowest result.'; 'https://daggerheartsrd.com/weapons/floating-bladeshards/'
'FUSION GLOVES'; 'Primary Weapon';4; 'Knowledge'; 'Very Far'; 'd6+9'; 'mag'; 'Two-Handed Bonded: Gain a bonus to your damage rolls equal to your level.'; 'Bonded: Gain a bonus to your damage rolls equal to your level.'; 'FUSION GLOVES Primary Weapon - Tier 4 Trait Knowledge Range Very Far Damage d6+9 mag Burden Two-Handed Bonded: Gain a bonus to your damage rolls equal to your level.'; 'https://daggerheartsrd.com/weapons/fusion-gloves/'
'HAND CANNON'; 'Primary Weapon';4; 'Finesse'; 'Very Far'; 'd6+12'; 'phy'; 'One-Handed Reloading: After you make an attack, roll a d6. On a 1, you must mark a Stress to reload this weapon before you can fire it again.'; 'Reloading: After you make an attack, roll a d6. On a 1, you must mark a Stress to reload this weapon before you can fire it again.'; 'HAND CANNON Primary Weapon - Tier 4 Trait Finesse Range Very Far Damage d6+12 phy Burden One-Handed Reloading: After you make an attack, roll a d6. On a 1, you must mark a Stress to reload this weapon before you can fire it again.'; 'https://daggerheartsrd.com/weapons/hand-cannon/'
'IMPACT GAUNTLET'; 'Primary Weapon';4; 'Strength'; 'Melee'; 'd10+11'; 'phy'; 'One-Handed Concussive: On a successful attack, you can spend a Hope to knock the target back to Far range.'; 'Concussive: On a successful attack, you can spend a Hope to knock the target back to Far range.'; 'IMPACT GAUNTLET Primary Weapon - Tier 4 Trait Strength Range Melee Damage d10+11 phy Burden One-Handed Concussive: On a successful attack, you can spend a Hope to knock the target back to Far range.'; 'https://daggerheartsrd.com/weapons/impact-gauntlet/'
'LEGENDARY ARCANE GAUNTLETS'; 'Primary Weapon';4; 'Strength'; 'Melee'; 'd10+12'; 'mag'; 'Two-Handed'; NULL; 'LEGENDARY ARCANE GAUNTLETS Primary Weapon - Tier 4 Trait Strength Range Melee Damage d10+12 mag Burden Two-Handed'; 'https://daggerheartsrd.com/weapons/legendary-arcane-gauntlets/'
'LEGENDARY BATTLEAXE'; 'Primary Weapon';4; 'Strength'; 'Melee'; 'd10+12'; 'phy'; 'Two-Handed'; NULL; 'LEGENDARY BATTLEAXE Primary Weapon - Tier 4 Trait Strength Range Melee Damage d10+12 phy Burden Two-Handed'; 'https://daggerheartsrd.com/weapons/legendary-battleaxe/'
'LEGENDARY BROADSWORD'; 'Primary Weapon';4; 'Agility'; 'Melee'; 'd8+9'; 'phy'; 'One-Handed Reliable: +1 to attack rolls'; 'Reliable: +1 to attack rolls'; 'LEGENDARY BROADSWORD Primary Weapon - Tier 4 Trait Agility Range Melee Damage d8+9 phy Burden One-Handed Reliable: +1 to attack rolls'; 'https://daggerheartsrd.com/weapons/legendary-broadsword/'
'LEGENDARY CROSSBOW'; 'Primary Weapon';4; 'Finesse'; 'Far'; 'd6+10'; 'phy'; 'One-Handed'; NULL; 'LEGENDARY CROSSBOW Primary Weapon - Tier 4 Trait Finesse Range Far Damage d6+10 phy Burden One-Handed'; 'https://daggerheartsrd.com/weapons/legendary-crossbow/'
'LEGENDARY CUTLASS'; 'Primary Weapon';4; 'Presence'; 'Melee'; 'd8+10'; 'phy'; 'One-Handed'; NULL; 'LEGENDARY CUTLASS Primary Weapon - Tier 4 Trait Presence Range Melee Damage d8+10 phy Burden One-Handed'; 'https://daggerheartsrd.com/weapons/legendary-cutlass/'
'LEGENDARY DAGGER'; 'Primary Weapon';4; 'Finesse'; 'Melee'; 'd8+10'; 'phy'; 'One-Handed'; NULL; 'LEGENDARY DAGGER Primary Weapon - Tier 4 Trait Finesse Range Melee Damage d8+10 phy Burden One-Handed'; 'https://daggerheartsrd.com/weapons/legendary-dagger/'
'LEGENDARY DUALSTAFF'; 'Primary Weapon';4; 'Instinct'; 'Far'; 'd8+12'; 'mag'; 'Two-Handed'; NULL; 'LEGENDARY DUALSTAFF Primary Weapon - Tier 4 Trait Instinct Range Far Damage d8+12 mag Burden Two-Handed'; 'https://daggerheartsrd.com/weapons/legendary-dualstaff/'
'LEGENDARY GLOWING RINGS'; 'Primary Weapon';4; 'Agility'; 'Very Close'; 'd10+11'; 'mag'; 'Two-Handed'; NULL; 'LEGENDARY GLOWING RINGS Primary Weapon - Tier 4 Trait Agility Range Very Close Damage d10+11 mag Burden Two-Handed'; 'https://daggerheartsrd.com/weapons/legendary-glowing-rings/'
'LEGENDARY GREATSTAFF'; 'Primary Weapon';4; 'Knowledge'; 'Very Far'; 'd6+9'; 'mag'; 'Two-Handed Powerful: On a successful attack, roll an additional damage die and discard the lowest result.'; 'Powerful: On a successful attack, roll an additional damage die and discard the lowest result.'; 'LEGENDARY GREATSTAFF Primary Weapon - Tier 4 Trait Knowledge Range Very Far Damage d6+9 mag Burden Two-Handed Powerful: On a successful attack, roll an additional damage die and discard the lowest result.'; 'https://daggerheartsrd.com/weapons/legendary-greatstaff/'
'LEGENDARY GREATSWORD'; 'Primary Weapon';4; 'Strength'; 'Melee'; 'd10+12'; 'phy'; 'Two-Handed Massive: -1 to Evasion, on a successful attack, roll an additional damage die and discard the lowest result.'; 'Massive: -1 to Evasion, on a successful attack, roll an additional damage die and discard the lowest result.'; 'LEGENDARY GREATSWORD Primary Weapon - Tier 4 Trait Strength Range Melee Damage d10+12 phy Burden Two-Handed Massive: -1 to Evasion, on a successful attack, roll an additional damage die and discard the lowest result.'; 'https://daggerheartsrd.com/weapons/legendary-greatsword/'
'LEGENDARY HALBERD'; 'Primary Weapon';4; 'Strength'; 'Very Close'; 'd10+11'; 'phy'; 'Two-Handed Cumbersome: -1 to Finesse'; 'Cumbersome: -1 to Finesse'; 'LEGENDARY HALBERD Primary Weapon - Tier 4 Trait Strength Range Very Close Damage d10+11 phy Burden Two-Handed Cumbersome: -1 to Finesse'; 'https://daggerheartsrd.com/weapons/legendary-halberd/'
'LEGENDARY HALLOWED AXE'; 'Primary Weapon';4; 'Strength'; 'Melee'; 'd8+10'; 'mag'; 'One-Handed'; NULL; 'LEGENDARY HALLOWED AXE Primary Weapon - Tier 4 Trait Strength Range Melee Damage d8+10 mag Burden One-Handed'; 'https://daggerheartsrd.com/weapons/legendary-hallowed-axe/'
'LEGENDARY HAND RUNES'; 'Primary Weapon';4; 'Instinct'; 'Very Close'; 'd10+9'; 'mag'; 'One-Handed'; NULL; 'LEGENDARY HAND RUNES Primary Weapon - Tier 4 Trait Instinct Range Very Close Damage d10+9 mag Burden One-Handed'; 'https://daggerheartsrd.com/weapons/legendary-hand-runes/'
'LEGENDARY LONGBOW'; 'Primary Weapon';4; 'Agility'; 'Very Far'; 'd8+12'; 'phy'; 'Two-Handed Cumbersome: -1 to Finesse'; 'Cumbersome: -1 to Finesse'; 'LEGENDARY LONGBOW Primary Weapon - Tier 4 Trait Agility Range Very Far Damage d8+12 phy Burden Two-Handed Cumbersome: -1 to Finesse'; 'https://daggerheartsrd.com/weapons/legendary-longbow/'
'LEGENDARY LONGSWORD'; 'Primary Weapon';4; 'Agility'; 'Melee'; 'd10+12'; 'phy'; 'Two-Handed'; NULL; 'LEGENDARY LONGSWORD Primary Weapon - Tier 4 Trait Agility Range Melee Damage d10+12 phy Burden Two-Handed'; 'https://daggerheartsrd.com/weapons/legendary-longsword/'
'LEGENDARY MACE'; 'Primary Weapon';4; 'Strength'; 'Melee'; 'd8+10'; 'phy'; 'One-Handed'; NULL; 'LEGENDARY MACE Primary Weapon - Tier 4 Trait Strength Range Melee Damage d8+10 phy Burden One-Handed'; 'https://daggerheartsrd.com/weapons/legendary-mace/'
'LEGENDARY QUARTERSTAFF'; 'Primary Weapon';4; 'Instinct'; 'Melee'; 'd10+12'; 'phy'; 'Two-Handed'; NULL; 'LEGENDARY QUARTERSTAFF Primary Weapon - Tier 4 Trait Instinct Range Melee Damage d10+12 phy Burden Two-Handed'; 'https://daggerheartsrd.com/weapons/legendary-quarterstaff/'
'LEGENDARY RAPIER'; 'Primary Weapon';4; 'Presence'; 'Melee'; 'd8+9'; 'phy'; 'One-Handed Quick: When you make an attack, you can mark a Stress to target another creature within range.'; 'Quick: When you make an attack, you can mark a Stress to target another creature within range.'; 'LEGENDARY RAPIER Primary Weapon - Tier 4 Trait Presence Range Melee Damage d8+9 phy Burden One-Handed Quick: When you make an attack, you can mark a Stress to target another creature within range.'; 'https://daggerheartsrd.com/weapons/legendary-rapier/'
'LEGENDARY RETURNING BLADE'; 'Primary Weapon';4; 'Finesse'; 'Close'; 'd8+9'; 'mag'; 'One-Handed Returning: When this weapon is thrown within its range, it appears in your hand immediately after the attack.'; 'Returning: When this weapon is thrown within its range, it appears in your hand immediately after the attack.'; 'LEGENDARY RETURNING BLADE Primary Weapon - Tier 4 Trait Finesse Range Close Damage d8+9 mag Burden One-Handed Returning: When this weapon is thrown within its range, it appears in your hand immediately after the attack.'; 'https://daggerheartsrd.com/weapons/legendary-returning-blade/'
'LEGENDARY SCEPTER'; 'Primary Weapon';4; 'Presence'; 'Far'; 'd6+9'; 'mag'; 'Two-Handed Versatile: This weapon can also be used with these statistics-Presence, Melee, d8+6.'; 'Versatile: This weapon can also be used with these statistics-Presence, Melee, d8+6.'; 'LEGENDARY SCEPTER Primary Weapon - Tier 4 Trait Presence Range Far Damage d6+9 mag Burden Two-Handed Versatile: This weapon can also be used with these statistics-Presence, Melee, d8+6.'; 'https://daggerheartsrd.com/weapons/legendary-scepter/'
'LEGENDARY SHORTBOW'; 'Primary Weapon';4; 'Agility'; 'Far'; 'd6+12'; 'phy'; 'Two-Handed'; NULL; 'LEGENDARY SHORTBOW Primary Weapon - Tier 4 Trait Agility Range Far Damage d6+12 phy Burden Two-Handed'; 'https://daggerheartsrd.com/weapons/legendary-shortbow/'
'LEGENDARY SHORTSTAFF'; 'Primary Weapon';4; 'Instinct'; 'Close'; 'd8+10'; 'mag'; 'One-Handed'; NULL; 'LEGENDARY SHORTSTAFF Primary Weapon - Tier 4 Trait Instinct Range Close Damage d8+10 mag Burden One-Handed'; 'https://daggerheartsrd.com/weapons/legendary-shortstaff/'
'LEGENDARY SPEAR'; 'Primary Weapon';4; 'Finesse'; 'Very Close'; 'd8+12'; 'phy'; 'Two-Handed'; NULL; 'LEGENDARY SPEAR Primary Weapon - Tier 4 Trait Finesse Range Very Close Damage d8+12 phy Burden Two-Handed'; 'https://daggerheartsrd.com/weapons/legendary-spear/'
'LEGENDARY WAND'; 'Primary Weapon';4; 'Knowledge'; 'Far'; 'd6+10'; 'mag'; 'One-Handed'; NULL; 'LEGENDARY WAND Primary Weapon - Tier 4 Trait Knowledge Range Far Damage d6+10 mag Burden One-Handed'; 'https://daggerheartsrd.com/weapons/legendary-wand/'
'LEGENDARY WARHAMMER'; 'Primary Weapon';4; 'Strength'; 'Melee'; 'd12+12'; 'phy'; 'Two-Handed Heavy: -1 to Evasion'; 'Heavy: -1 to Evasion'; 'LEGENDARY WARHAMMER Primary Weapon - Tier 4 Trait Strength Range Melee Damage d12+12 phy Burden Two-Handed Heavy: -1 to Evasion'; 'https://daggerheartsrd.com/weapons/legendary-warhammer/'
'MAGUS REVOLVER'; 'Primary Weapon';4; 'Finesse'; 'Very Far'; 'd6+13'; 'mag'; 'One-Handed Reloading: After you make an attack, roll a d6. On a result of 1, you must mark a Stress to reload this weapon before you can fire it again.'; 'Reloading: After you make an attack, roll a d6. On a result of 1, you must mark a Stress to reload this weapon before you can fire it again.'; 'MAGUS REVOLVER Primary Weapon - Tier 4 Trait Finesse Range Very Far Damage d6+13 mag Burden One-Handed Reloading: After you make an attack, roll a d6. On a result of 1, you must mark a Stress to reload this weapon before you can fire it again.'; 'https://daggerheartsrd.com/weapons/magus-revolver/'
'MIDAS SCYTHE'; 'Primary Weapon';4; 'Knowledge'; 'Melee'; 'd10+9'; 'mag'; 'Two-Handed Greedy: Spend a handful of gold to gain a +1 bonus to your Proficiency on a damage roll.'; 'Greedy: Spend a handful of gold to gain a +1 bonus to your Proficiency on a damage roll.'; 'MIDAS SCYTHE Primary Weapon - Tier 4 Trait Knowledge Range Melee Damage d10+9 mag Burden Two-Handed Greedy: Spend a handful of gold to gain a +1 bonus to your Proficiency on a damage roll.'; 'https://daggerheartsrd.com/weapons/midas-scythe/'
'RICOCHET AXES'; 'Primary Weapon';4; 'Agility'; 'Far'; 'd6+11'; 'phy'; 'Two-Handed Bouncing: Mark 1 or more Stress to hit that many targets in range of the attack.'; 'Bouncing: Mark 1 or more Stress to hit that many targets in range of the attack.'; 'RICOCHET AXES Primary Weapon - Tier 4 Trait Agility Range Far Damage d6+11 phy Burden Two-Handed Bouncing: Mark 1 or more Stress to hit that many targets in range of the attack.'; 'https://daggerheartsrd.com/weapons/ricochet-axes/'
'SIPHONING GAUNTLETS'; 'Primary Weapon';4; 'Presence'; 'Melee'; 'd10+9'; 'mag'; 'Two-Handed Lifestealing: On a successful attack, roll a d6. On a result of 6, clear a Hit Point or clear a Stress.'; 'Lifestealing: On a successful attack, roll a d6. On a result of 6, clear a Hit Point or clear a Stress.'; 'SIPHONING GAUNTLETS Primary Weapon - Tier 4 Trait Presence Range Melee Damage d10+9 mag Burden Two-Handed Lifestealing: On a successful attack, roll a d6. On a result of 6, clear a Hit Point or clear a Stress.'; 'https://daggerheartsrd.com/weapons/siphoning-gauntlets/'
'SLEDGE AXE'; 'Primary Weapon';4; 'Strength'; 'Melee'; 'd12+13'; 'phy'; 'Two-Handed Destructive: -1 to Agility, on a successful attack, all adversaries within Very Close range must mark a Stress.'; 'Destructive: -1 to Agility, on a successful attack, all adversaries within Very Close range must mark a Stress.'; 'SLEDGE AXE Primary Weapon - Tier 4 Trait Strength Range Melee Damage d12+13 phy Burden Two-Handed Destructive: -1 to Agility, on a successful attack, all adversaries within Very Close range must mark a Stress.'; 'https://daggerheartsrd.com/weapons/sledge-axe/'
'SWINGING ROPEBLADE'; 'Primary Weapon';4; 'Presence'; 'Close'; 'd8+9'; 'phy'; 'Two-Handed Grappling: On a successful attack, you can spend a Hope to Restrain the target or pull them into Melee range with you.'; 'Grappling: On a successful attack, you can spend a Hope to Restrain the target or pull them into Melee range with you.'; 'SWINGING ROPEBLADE Primary Weapon - Tier 4 Trait Presence Range Close Damage d8+9 phy Burden Two-Handed Grappling: On a successful attack, you can spend a Hope to Restrain the target or pull them into Melee range with you.'; 'https://daggerheartsrd.com/weapons/swinging-ropeblade/'
'SWORD OF LIGHT AND FLAME'; 'Primary Weapon';4; 'Strength'; 'Melee'; 'd10+11'; 'mag'; 'Two-Handed Hot: This weapon cuts through solid material.'; 'Hot: This weapon cuts through solid material.'; 'SWORD OF LIGHT AND FLAME Primary Weapon - Tier 4 Trait Strength Range Melee Damage d10+11 mag Burden Two-Handed Hot: This weapon cuts through solid material.'; 'https://daggerheartsrd.com/weapons/sword-of-light-and-flame/'
'THISTLEBOW'; 'Primary Weapon';4; 'Instinct'; 'Far'; 'd6+13'; 'mag'; 'Two-Handed Reliable: +1 to attack rolls'; 'Reliable: +1 to attack rolls'; 'THISTLEBOW Primary Weapon - Tier 4 Trait Instinct Range Far Damage d6+13 mag Burden Two-Handed Reliable: +1 to attack rolls'; 'https://daggerheartsrd.com/weapons/thistlebow/'
'WAND OF ESSEK'; 'Primary Weapon';4; 'Knowledge'; 'Far'; 'd8+13'; 'mag'; 'One-Handed Timebending: You can choose the target of your attack after making your attack roll.'; 'Timebending: You can choose the target of your attack after making your attack roll.'; 'WAND OF ESSEK Primary Weapon - Tier 4 Trait Knowledge Range Far Damage d8+13 mag Burden One-Handed Timebending: You can choose the target of your attack after making your attack roll.'; 'https://daggerheartsrd.com/weapons/wand-of-essek/'
'GRAPPLER'; 'Secondary Weapon';1; 'Finesse'; 'Close'; 'd6'; 'phy'; 'One-Handed Hooked: On a successful attack, you can pull the target into Melee range.'; 'Hooked: On a successful attack, you can pull the target into Melee range.'; 'GRAPPLER Secondary Weapon - Tier 1 Trait Finesse Range Close Damage d6 phy Burden One-Handed Hooked: On a successful attack, you can pull the target into Melee range.'; 'https://daggerheartsrd.com/weapons/grappler/'
'HAND CROSSBOW'; 'Secondary Weapon';1; 'Finesse'; 'Far'; 'd6+1'; 'phy'; 'One-Handed'; NULL; 'HAND CROSSBOW Secondary Weapon - Tier 1 Trait Finesse Range Far Damage d6+1 phy Burden One-Handed'; 'https://daggerheartsrd.com/weapons/hand-crossbow/'
'ROUND SHIELD'; 'Secondary Weapon';1; 'Strength'; 'Melee'; 'd4'; 'phy'; 'One-Handed Protective: +1 to Armor Score'; 'Protective: +1 to Armor Score'; 'ROUND SHIELD Secondary Weapon - Tier 1 Trait Strength Range Melee Damage d4 phy Burden One-Handed Protective: +1 to Armor Score'; 'https://daggerheartsrd.com/weapons/round-shield/'
'SHORTSWORD Secondary Weapon - Tier 1 Trait Agility Range Melee Damage d8 phy Burden One-Handed Paired: +2 to'; 'Secondary Weapon';1; 'Agility'; 'Melee'; 'd8'; 'phy'; 'One-Handed Paired: +2 to primary weapon damage to targets within Melee range'; 'Paired: +2 to primary weapon damage to targets within Melee range'; 'SHORTSWORD Secondary Weapon - Tier 1 Trait Agility Range Melee Damage d8 phy Burden One-Handed Paired: +2 to primary weapon damage to targets within Melee range'; 'https://daggerheartsrd.com/weapons/shortsword/'
'SMALL DAGGER Secondary Weapon - Tier 1 Trait Finesse Range Melee Damage d8 phy Burden One-Handed Paired: +2 to'; 'Secondary Weapon';1; 'Finesse'; 'Melee'; 'd8'; 'phy'; 'One-Handed Paired: +2 to primary weapon damage to targets within Melee range'; 'Paired: +2 to primary weapon damage to targets within Melee range'; 'SMALL DAGGER Secondary Weapon - Tier 1 Trait Finesse Range Melee Damage d8 phy Burden One-Handed Paired: +2 to primary weapon damage to targets within Melee range'; 'https://daggerheartsrd.com/weapons/small-dagger/'
'TOWER SHIELD'; 'Secondary Weapon';1; 'Strength'; 'Melee'; 'd6'; 'phy'; 'One-Handed Barrier: +2 to Armor Score, -1 to Evasion'; 'Barrier: +2 to Armor Score, -1 to Evasion'; 'TOWER SHIELD Secondary Weapon - Tier 1 Trait Strength Range Melee Damage d6 phy Burden One-Handed Barrier: +2 to Armor Score, -1 to Evasion'; 'https://daggerheartsrd.com/weapons/tower-shield/'
'WHIP'; 'Secondary Weapon';1; 'Presence'; 'Very Close'; 'd6'; 'phy'; 'One-Handed Startling: Mark a Stress to crack the whip and force all adversaries within Melee range back to Close range.'; 'Startling: Mark a Stress to crack the whip and force all adversaries within Melee range back to Close range.'; 'WHIP Secondary Weapon - Tier 1 Trait Presence Range Very Close Damage d6 phy Burden One-Handed Startling: Mark a Stress to crack the whip and force all adversaries within Melee range back to Close range.'; 'https://daggerheartsrd.com/weapons/whip/'
'IMPROVED GRAPPLER'; 'Secondary Weapon';2; 'Finesse'; 'Close'; 'd6+2'; 'phy'; 'One-Handed Hooked: On a successful attack, you can pull the target into Melee range.'; 'Hooked: On a successful attack, you can pull the target into Melee range.'; 'IMPROVED GRAPPLER Secondary Weapon - Tier 2 Trait Finesse Range Close Damage d6+2 phy Burden One-Handed Hooked: On a successful attack, you can pull the target into Melee range.'; 'https://daggerheartsrd.com/weapons/improved-grappler/'
'IMPROVED HAND CROSSBOW'; 'Secondary Weapon';2; 'Finesse'; 'Far'; 'd6+3'; 'phy'; 'One-Handed'; NULL; 'IMPROVED HAND CROSSBOW Secondary Weapon - Tier 2 Trait Finesse Range Far Damage d6+3 phy Burden One-Handed'; 'https://daggerheartsrd.com/weapons/improved-hand-crossbow/'
'IMPROVED ROUND SHIELD'; 'Secondary Weapon';2; 'Strength'; 'Melee'; 'd4+2'; 'phy'; 'One-Handed Protective: +2 to Armor Score'; 'Protective: +2 to Armor Score'; 'IMPROVED ROUND SHIELD Secondary Weapon - Tier 2 Trait Strength Range Melee Damage d4+2 phy Burden One-Handed Protective: +2 to Armor Score'; 'https://daggerheartsrd.com/weapons/improved-round-shield/'
'IMPROVED SHORTSWORD Secondary Weapon - Tier 2 Trait Agility Range Melee Damage d8+2 phy Burden One-Handed Paired: +3 to'; 'Secondary Weapon';2; 'Agility'; 'Melee'; 'd8+2'; 'phy'; 'One-Handed Paired: +3 to primary weapon damage to targets within Melee range'; 'Paired: +3 to primary weapon damage to targets within Melee range'; 'IMPROVED SHORTSWORD Secondary Weapon - Tier 2 Trait Agility Range Melee Damage d8+2 phy Burden One-Handed Paired: +3 to primary weapon damage to targets within Melee range'; 'https://daggerheartsrd.com/weapons/improved-shortsword/'
'IMPROVED SMALL DAGGER Secondary Weapon - Tier 2 Trait Finesse Range Melee Damage d8+2 phy Burden One-Handed Paired: +3 to'; 'Secondary Weapon';2; 'Finesse'; 'Melee'; 'd8+2'; 'phy'; 'One-Handed Paired: +3 to primary weapon damage to targets within Melee range'; 'Paired: +3 to primary weapon damage to targets within Melee range'; 'IMPROVED SMALL DAGGER Secondary Weapon - Tier 2 Trait Finesse Range Melee Damage d8+2 phy Burden One-Handed Paired: +3 to primary weapon damage to targets within Melee range'; 'https://daggerheartsrd.com/weapons/improved-small-dagger/'
'IMPROVED TOWER SHIELD'; 'Secondary Weapon';2; 'Strength'; 'Melee'; 'd6+2'; 'phy'; 'One-Handed Barrier: +3 to Armor Score, -1 to Evasion'; 'Barrier: +3 to Armor Score, -1 to Evasion'; 'IMPROVED TOWER SHIELD Secondary Weapon - Tier 2 Trait Strength Range Melee Damage d6+2 phy Burden One-Handed Barrier: +3 to Armor Score, -1 to Evasion'; 'https://daggerheartsrd.com/weapons/improved-tower-shield/'
'IMPROVED WHIP'; 'Secondary Weapon';2; 'Presence'; 'Very Close'; 'd6+2'; 'phy'; 'One-Handed Startling: Mark a Stress to crack the whip and force all adversaries within Melee range back to Close range.'; 'Startling: Mark a Stress to crack the whip and force all adversaries within Melee range back to Close range.'; 'IMPROVED WHIP Secondary Weapon - Tier 2 Trait Presence Range Very Close Damage d6+2 phy Burden One-Handed Startling: Mark a Stress to crack the whip and force all adversaries within Melee range back to Close range.'; 'https://daggerheartsrd.com/weapons/improved-whip/'
'PARRYING DAGGER'; 'Secondary Weapon';2; 'Finesse'; 'Melee'; 'd6+2'; 'phy'; 'One-Handed Parry: When you are attacked, roll this weapon''s damage dice. If any of the attacker''s damage dice rolled the same value as your dice, the matching results are discarded from the attacker''s damage dice before the damage you take is totaled.'; 'Parry: When you are attacked, roll this weapon''s damage dice. If any of the attacker''s damage dice rolled the same value as your dice, the matching results are discarded from the attacker''s damage dice before the damage you take is totaled.'; 'PARRYING DAGGER Secondary Weapon - Tier 2 Trait Finesse Range Melee Damage d6+2 phy Burden One-Handed Parry: When you are attacked, roll this weapon''s damage dice. If any of the attacker''s damage dice rolled the same value as your dice, the matching results are discarded from the attacker''s damage dice before the damage you take is totaled.'; 'https://daggerheartsrd.com/weapons/parrying-dagger/'
'RETURNING AXE'; 'Secondary Weapon';2; 'Agility'; 'Close'; 'd6+4'; 'phy'; 'One-Handed Returning: When this weapon is thrown within its range, it appears in your hand immediately after the attack.'; 'Returning: When this weapon is thrown within its range, it appears in your hand immediately after the attack.'; 'RETURNING AXE Secondary Weapon - Tier 2 Trait Agility Range Close Damage d6+4 phy Burden One-Handed Returning: When this weapon is thrown within its range, it appears in your hand immediately after the attack.'; 'https://daggerheartsrd.com/weapons/returning-axe/'
'SPIKED SHIELD Secondary Weapon - Tier 2 Trait Strength Range Melee Damage d6+2 phy Burden One-Handed Double Duty: +1 to Armor Score, +1 to'; 'Secondary Weapon';2; 'Strength'; 'Melee'; 'd6+2'; 'phy'; 'One-Handed Double Duty: +1 to Armor Score, +1 to primary weapon damage within Melee range'; 'Double Duty: +1 to Armor Score, +1 to primary weapon damage within Melee range'; 'SPIKED SHIELD Secondary Weapon - Tier 2 Trait Strength Range Melee Damage d6+2 phy Burden One-Handed Double Duty: +1 to Armor Score, +1 to primary weapon damage within Melee range'; 'https://daggerheartsrd.com/weapons/spiked-shield/'
'ADVANCED GRAPPLER'; 'Secondary Weapon';3; 'Finesse'; 'Close'; 'd6+4'; 'phy'; 'One-Handed Hooked: On a successful attack, you can pull the target into Melee range.'; 'Hooked: On a successful attack, you can pull the target into Melee range.'; 'ADVANCED GRAPPLER Secondary Weapon - Tier 3 Trait Finesse Range Close Damage d6+4 phy Burden One-Handed Hooked: On a successful attack, you can pull the target into Melee range.'; 'https://daggerheartsrd.com/weapons/advanced-grappler/'
'ADVANCED HAND CROSSBOW'; 'Secondary Weapon';3; 'Finesse'; 'Far'; 'd6+5'; 'phy'; 'One-Handed'; NULL; 'ADVANCED HAND CROSSBOW Secondary Weapon - Tier 3 Trait Finesse Range Far Damage d6+5 phy Burden One-Handed'; 'https://daggerheartsrd.com/weapons/advanced-hand-crossbow/'
'ADVANCED ROUND SHIELD'; 'Secondary Weapon';3; 'Strength'; 'Melee'; 'd4+4'; 'phy'; 'One-Handed Protective: +3 to Armor Score'; 'Protective: +3 to Armor Score'; 'ADVANCED ROUND SHIELD Secondary Weapon - Tier 3 Trait Strength Range Melee Damage d4+4 phy Burden One-Handed Protective: +3 to Armor Score'; 'https://daggerheartsrd.com/weapons/advanced-round-shield/'
'ADVANCED SHORTSWORD Secondary Weapon - Tier 3 Trait Agility Range Melee Damage d8+4 phy Burden One-Handed Paired: +4 to'; 'Secondary Weapon';3; 'Agility'; 'Melee'; 'd8+4'; 'phy'; 'One-Handed Paired: +4 to primary weapon damage to targets within Melee range'; 'Paired: +4 to primary weapon damage to targets within Melee range'; 'ADVANCED SHORTSWORD Secondary Weapon - Tier 3 Trait Agility Range Melee Damage d8+4 phy Burden One-Handed Paired: +4 to primary weapon damage to targets within Melee range'; 'https://daggerheartsrd.com/weapons/advanced-shortsword/'
'ADVANCED SMALL DAGGER Secondary Weapon - Tier 3 Trait Finesse Range Melee Damage d8+4 phy Burden One-Handed Paired: +4 to'; 'Secondary Weapon';3; 'Finesse'; 'Melee'; 'd8+4'; 'phy'; 'One-Handed Paired: +4 to primary weapon damage to targets within Melee range'; 'Paired: +4 to primary weapon damage to targets within Melee range'; 'ADVANCED SMALL DAGGER Secondary Weapon - Tier 3 Trait Finesse Range Melee Damage d8+4 phy Burden One-Handed Paired: +4 to primary weapon damage to targets within Melee range'; 'https://daggerheartsrd.com/weapons/advanced-small-dagger/'
'ADVANCED TOWER SHIELD'; 'Secondary Weapon';3; 'Strength'; 'Melee'; 'd6+4'; 'phy'; 'One-Handed Barrier: +4 to Armor Score, -1 to Evasion'; 'Barrier: +4 to Armor Score, -1 to Evasion'; 'ADVANCED TOWER SHIELD Secondary Weapon - Tier 3 Trait Strength Range Melee Damage d6+4 phy Burden One-Handed Barrier: +4 to Armor Score, -1 to Evasion'; 'https://daggerheartsrd.com/weapons/advanced-tower-shield/'
'ADVANCED WHIP'; 'Secondary Weapon';3; 'Presence'; 'Very Close'; 'd6+4'; 'phy'; 'One-Handed Startling: Mark a Stress to crack the whip and force all adversaries within Melee range back to Close range.'; 'Startling: Mark a Stress to crack the whip and force all adversaries within Melee range back to Close range.'; 'ADVANCED WHIP Secondary Weapon - Tier 3 Trait Presence Range Very Close Damage d6+4 phy Burden One-Handed Startling: Mark a Stress to crack the whip and force all adversaries within Melee range back to Close range.'; 'https://daggerheartsrd.com/weapons/advanced-whip/'
'BUCKLER'; 'Secondary Weapon';3; 'Agility'; 'Melee'; 'd4+4'; 'phy'; 'One-Handed Deflecting: When you are attacked, you can mark an Armor Slot to gain a bonus to your Evasion equal to your available Armor Slots against the attack.'; 'Deflecting: When you are attacked, you can mark an Armor Slot to gain a bonus to your Evasion equal to your available Armor Slots against the attack.'; 'BUCKLER Secondary Weapon - Tier 3 Trait Agility Range Melee Damage d4+4 phy Burden One-Handed Deflecting: When you are attacked, you can mark an Armor Slot to gain a bonus to your Evasion equal to your available Armor Slots against the attack.'; 'https://daggerheartsrd.com/weapons/buckler/'
'HAND SLING'; 'Secondary Weapon';3; 'Finesse'; 'Very Far'; 'd6+4'; 'phy'; 'One-Handed Versatile: This weapon can also be used with these statistics-Finesse, Close, d8+4.'; 'Versatile: This weapon can also be used with these statistics-Finesse, Close, d8+4.'; 'HAND SLING Secondary Weapon - Tier 3 Trait Finesse Range Very Far Damage d6+4 phy Burden One-Handed Versatile: This weapon can also be used with these statistics-Finesse, Close, d8+4.'; 'https://daggerheartsrd.com/weapons/hand-sling/'
'POWERED GAUNTLET Secondary Weapon - Tier 3 Trait Knowledge Range Close Damage d6+4 phy Burden One-Handed Charged: Mark a Stress to gain a +1 bonus to your Proficiency on a'; 'Secondary Weapon';3; 'Knowledge'; 'Close'; 'd6+4'; 'phy'; 'One-Handed Charged: Mark a Stress to gain a +1 bonus to your Proficiency on a primary weapon attack.'; 'Charged: Mark a Stress to gain a +1 bonus to your Proficiency on a primary weapon attack.'; 'POWERED GAUNTLET Secondary Weapon - Tier 3 Trait Knowledge Range Close Damage d6+4 phy Burden One-Handed Charged: Mark a Stress to gain a +1 bonus to your Proficiency on a primary weapon attack.'; 'https://daggerheartsrd.com/weapons/powered-gauntlet/'
'BRAVESHIELD'; 'Secondary Weapon';4; 'Agility'; 'Melee'; 'd4+6'; 'phy'; 'One-Handed Sheltering: When you mark an Armor Slot, it reduces damage for you and all allies within Melee range of you who took the same damage.'; 'Sheltering: When you mark an Armor Slot, it reduces damage for you and all allies within Melee range of you who took the same damage.'; 'BRAVESHIELD Secondary Weapon - Tier 4 Trait Agility Range Melee Damage d4+6 phy Burden One-Handed Sheltering: When you mark an Armor Slot, it reduces damage for you and all allies within Melee range of you who took the same damage.'; 'https://daggerheartsrd.com/weapons/braveshield/'
'KNUCKLE CLAWS Secondary Weapon - Tier 4 Trait Strength Range Melee Damage d6+8 phy Burden One-Handed Doubled Up: When you make an attack with your'; 'Secondary Weapon';4; 'Strength'; 'Melee'; 'd6+8'; 'phy'; 'One-Handed Doubled Up: When you make an attack with your primary weapon, you can deal damage to another target within Melee range.'; 'Doubled Up: When you make an attack with your primary weapon, you can deal damage to another target within Melee range.'; 'KNUCKLE CLAWS Secondary Weapon - Tier 4 Trait Strength Range Melee Damage d6+8 phy Burden One-Handed Doubled Up: When you make an attack with your primary weapon, you can deal damage to another target within Melee range.'; 'https://daggerheartsrd.com/weapons/knuckle-claws/'
'LEGENDARY GRAPPLER'; 'Secondary Weapon';4; 'Finesse'; 'Close'; 'd6+6'; 'phy'; 'One-Handed Hooked: On a successful attack, you can pull the target into Melee range.'; 'Hooked: On a successful attack, you can pull the target into Melee range.'; 'LEGENDARY GRAPPLER Secondary Weapon - Tier 4 Trait Finesse Range Close Damage d6+6 phy Burden One-Handed Hooked: On a successful attack, you can pull the target into Melee range.'; 'https://daggerheartsrd.com/weapons/legendary-grappler/'
'LEGENDARY HAND CROSSBOW'; 'Secondary Weapon';4; 'Finesse'; 'Far'; 'd6+7'; 'phy'; 'One-Handed'; NULL; 'LEGENDARY HAND CROSSBOW Secondary Weapon - Tier 4 Trait Finesse Range Far Damage d6+7 phy Burden One-Handed'; 'https://daggerheartsrd.com/weapons/legendary-hand-crossbow/'
'LEGENDARY ROUND SHIELD'; 'Secondary Weapon';4; 'Strength'; 'Melee'; 'd4+6'; 'phy'; 'One-Handed Protective: +4 to Armor Score'; 'Protective: +4 to Armor Score'; 'LEGENDARY ROUND SHIELD Secondary Weapon - Tier 4 Trait Strength Range Melee Damage d4+6 phy Burden One-Handed Protective: +4 to Armor Score'; 'https://daggerheartsrd.com/weapons/legendary-round-shield/'
'LEGENDARY SHORTSWORD Secondary Weapon - Tier 4 Trait Agility Range Melee Damage d8+6 phy Burden One-Handed Paired: +5 to'; 'Secondary Weapon';4; 'Agility'; 'Melee'; 'd8+6'; 'phy'; 'One-Handed Paired: +5 to primary weapon damage to targets within Melee range'; 'Paired: +5 to primary weapon damage to targets within Melee range'; 'LEGENDARY SHORTSWORD Secondary Weapon - Tier 4 Trait Agility Range Melee Damage d8+6 phy Burden One-Handed Paired: +5 to primary weapon damage to targets within Melee range'; 'https://daggerheartsrd.com/weapons/legendary-shortsword/'
'LEGENDARY SMALL DAGGER Secondary Weapon - Tier 4 Trait Finesse Range Melee Damage d8+6 phy Burden One-Handed Paired: +5 to'; 'Secondary Weapon';4; 'Finesse'; 'Melee'; 'd8+6'; 'phy'; 'One-Handed Paired: +5 to primary weapon damage to targets within Melee range'; 'Paired: +5 to primary weapon damage to targets within Melee range'; 'LEGENDARY SMALL DAGGER Secondary Weapon - Tier 4 Trait Finesse Range Melee Damage d8+6 phy Burden One-Handed Paired: +5 to primary weapon damage to targets within Melee range'; 'https://daggerheartsrd.com/weapons/legendary-small-dagger/'
'LEGENDARY TOWER SHIELD'; 'Secondary Weapon';4; 'Strength'; 'Melee'; 'd6+6'; 'phy'; 'One-Handed Barrier: +5 to Armor Score, -1 to Evasion.'; 'Barrier: +5 to Armor Score, -1 to Evasion.'; 'LEGENDARY TOWER SHIELD Secondary Weapon - Tier 4 Trait Strength Range Melee Damage d6+6 phy Burden One-Handed Barrier: +5 to Armor Score, -1 to Evasion.'; 'https://daggerheartsrd.com/weapons/legendary-tower-shield/'
'LEGENDARY WHIP'; 'Secondary Weapon';4; 'Presence'; 'Very Close'; 'd6+6'; 'phy'; 'One-Handed Startling: Mark a Stress to crack the whip and force all adversaries within Melee range back to Close range.'; 'Startling: Mark a Stress to crack the whip and force all adversaries within Melee range back to Close range.'; 'LEGENDARY WHIP Secondary Weapon - Tier 4 Trait Presence Range Very Close Damage d6+6 phy Burden One-Handed Startling: Mark a Stress to crack the whip and force all adversaries within Melee range back to Close range.'; 'https://daggerheartsrd.com/weapons/legendary-whip/'
'PRIMER SHARD Secondary Weapon - Tier 4 Trait Instinct Range Very Close Damage d4 phy Burden One-Handed Locked On: On a successful attack, your next attack against the same target with your';'Secondary Weapon'; 4; 'Instinct'; 'Very Close'; 'd4'; 'phy'; 'One-Handed Locked On: On a successful attack, your next attack against the same target with your primary weapon automatically succeeds.'; 'Locked On: On a successful attack, your next attack against the same target with your primary weapon automatically succeeds.'; 'PRIMER SHARD Secondary Weapon - Tier 4 Trait Instinct Range Very Close Damage d4 phy Burden One-Handed Locked On: On a successful attack, your next attack against the same target with your primary weapon automatically succeeds.'; 'https://daggerheartsrd.com/weapons/primer-shard/'
